Series ID,Year,Period,Label,Value
CUUR0000SAF,1967,M01,1967 Jan,34.8
CUUR0000SAF,1967,M02,1967 Feb,34.7
CUUR0000SAF,1967,M03,1967 Mar,34.7
CUUR0000SAF,1967,M04,1967 Apr,34.6
CUUR0000SAF,1967,M05,1967 May,34.6
CUUR0000SAF,1967,M06,1967 Jun,34.9
CUUR0000SAF,1967,M07,1967 Jul,35.2
CUUR0000SAF,1967,M08,1967 Aug,35.4
CUUR0000SAF,1967,M09,1967 Sep,35.2
CUUR0000SAF,1967,M10,1967 Oct,35.2
CUUR0000SAF,1967,M11,1967 Nov,35.2
CUUR0000SAF,1967,M12,1967 Dec,35.3
CUUR0000SAF,1968,M01,1968 Jan,35.6
CUUR0000SAF,1968,M02,1968 Feb,35.7
CUUR0000SAF,1968,M03,1968 Mar,35.8
CUUR0000SAF,1968,M04,1968 Apr,36.0
CUUR0000SAF,1968,M05,1968 May,36.1
CUUR0000SAF,1968,M06,1968 Jun,36.2
CUUR0000SAF,1968,M07,1968 Jul,36.4
CUUR0000SAF,1968,M08,1968 Aug,36.6
CUUR0000SAF,1968,M09,1968 Sep,36.6
CUUR0000SAF,1968,M10,1968 Oct,36.7
CUUR0000SAF,1968,M11,1968 Nov,36.6
CUUR0000SAF,1968,M12,1968 Dec,36.8
CUUR0000SAF,1969,M01,1969 Jan,37.0
CUUR0000SAF,1969,M02,1969 Feb,37.0
CUUR0000SAF,1969,M03,1969 Mar,37.2
CUUR0000SAF,1969,M04,1969 Apr,37.4
CUUR0000SAF,1969,M05,1969 May,37.5
CUUR0000SAF,1969,M06,1969 Jun,38.0
CUUR0000SAF,1969,M07,1969 Jul,38.4
CUUR0000SAF,1969,M08,1969 Aug,38.6
CUUR0000SAF,1969,M09,1969 Sep,38.7
CUUR0000SAF,1969,M10,1969 Oct,38.6
CUUR0000SAF,1969,M11,1969 Nov,38.9
CUUR0000SAF,1969,M12,1969 Dec,39.4
CUUR0000SAF,1970,M01,1970 Jan,39.6
CUUR0000SAF,1970,M02,1970 Feb,39.8
CUUR0000SAF,1970,M03,1970 Mar,39.8
CUUR0000SAF,1970,M04,1970 Apr,40.0
CUUR0000SAF,1970,M05,1970 May,40.1
CUUR0000SAF,1970,M06,1970 Jun,40.2
CUUR0000SAF,1970,M07,1970 Jul,40.4
CUUR0000SAF,1970,M08,1970 Aug,40.4
CUUR0000SAF,1970,M09,1970 Sep,40.4
CUUR0000SAF,1970,M10,1970 Oct,40.4
CUUR0000SAF,1970,M11,1970 Nov,40.2
CUUR0000SAF,1970,M12,1970 Dec,40.3
CUUR0000SAF,1971,M01,1971 Jan,40.4
CUUR0000SAF,1971,M02,1971 Feb,40.5
CUUR0000SAF,1971,M03,1971 Mar,40.9
CUUR0000SAF,1971,M04,1971 Apr,41.2
CUUR0000SAF,1971,M05,1971 May,41.3
CUUR0000SAF,1971,M06,1971 Jun,41.6
CUUR0000SAF,1971,M07,1971 Jul,41.8
CUUR0000SAF,1971,M08,1971 Aug,41.9
CUUR0000SAF,1971,M09,1971 Sep,41.6
CUUR0000SAF,1971,M10,1971 Oct,41.6
CUUR0000SAF,1971,M11,1971 Nov,41.6
CUUR0000SAF,1971,M12,1971 Dec,42.0
CUUR0000SAF,1972,M01,1972 Jan,42.0
CUUR0000SAF,1972,M02,1972 Feb,42.6
CUUR0000SAF,1972,M03,1972 Mar,42.7
CUUR0000SAF,1972,M04,1972 Apr,42.7
CUUR0000SAF,1972,M05,1972 May,42.7
CUUR0000SAF,1972,M06,1972 Jun,42.9
CUUR0000SAF,1972,M07,1972 Jul,43.3
CUUR0000SAF,1972,M08,1972 Aug,43.4
CUUR0000SAF,1972,M09,1972 Sep,43.5
CUUR0000SAF,1972,M10,1972 Oct,43.5
CUUR0000SAF,1972,M11,1972 Nov,43.7
CUUR0000SAF,1972,M12,1972 Dec,43.9
CUUR0000SAF,1973,M01,1973 Jan,44.7
CUUR0000SAF,1973,M02,1973 Feb,45.5
CUUR0000SAF,1973,M03,1973 Mar,46.6
CUUR0000SAF,1973,M04,1973 Apr,47.2
CUUR0000SAF,1973,M05,1973 May,47.7
CUUR0000SAF,1973,M06,1973 Jun,48.3
CUUR0000SAF,1973,M07,1973 Jul,48.7
CUUR0000SAF,1973,M08,1973 Aug,51.3
CUUR0000SAF,1973,M09,1973 Sep,51.0
CUUR0000SAF,1973,M10,1973 Oct,51.0
CUUR0000SAF,1973,M11,1973 Nov,51.6
CUUR0000SAF,1973,M12,1973 Dec,52.0
CUUR0000SAF,1974,M01,1974 Jan,52.8
CUUR0000SAF,1974,M02,1974 Feb,54.0
CUUR0000SAF,1974,M03,1974 Mar,54.5
CUUR0000SAF,1974,M04,1974 Apr,54.4
CUUR0000SAF,1974,M05,1974 May,54.8
CUUR0000SAF,1974,M06,1974 Jun,55.0
CUUR0000SAF,1974,M07,1974 Jul,55.1
CUUR0000SAF,1974,M08,1974 Aug,55.9
CUUR0000SAF,1974,M09,1974 Sep,56.7
CUUR0000SAF,1974,M10,1974 Oct,57.1
CUUR0000SAF,1974,M11,1974 Nov,57.6
CUUR0000SAF,1974,M12,1974 Dec,58.3
CUUR0000SAF,1975,M01,1975 Jan,58.7
CUUR0000SAF,1975,M02,1975 Feb,58.9
CUUR0000SAF,1975,M03,1975 Mar,58.9
CUUR0000SAF,1975,M04,1975 Apr,58.8
CUUR0000SAF,1975,M05,1975 May,59.0
CUUR0000SAF,1975,M06,1975 Jun,59.9
CUUR0000SAF,1975,M07,1975 Jul,61.2
CUUR0000SAF,1975,M08,1975 Aug,61.1
CUUR0000SAF,1975,M09,1975 Sep,61.0
CUUR0000SAF,1975,M10,1975 Oct,61.4
CUUR0000SAF,1975,M11,1975 Nov,61.6
CUUR0000SAF,1975,M12,1975 Dec,61.9
CUUR0000SAF,1976,M01,1976 Jan,61.9
CUUR0000SAF,1976,M02,1976 Feb,61.7
CUUR0000SAF,1976,M03,1976 Mar,61.3
CUUR0000SAF,1976,M04,1976 Apr,61.5
CUUR0000SAF,1976,M05,1976 May,61.8
CUUR0000SAF,1976,M06,1976 Jun,62.1
CUUR0000SAF,1976,M07,1976 Jul,62.5
CUUR0000SAF,1976,M08,1976 Aug,62.6
CUUR0000SAF,1976,M09,1976 Sep,62.3
CUUR0000SAF,1976,M10,1976 Oct,62.4
CUUR0000SAF,1976,M11,1976 Nov,62.2
CUUR0000SAF,1976,M12,1976 Dec,62.4
CUUR0000SAF,1977,M01,1977 Jan,62.9
CUUR0000SAF,1977,M02,1977 Feb,64.3
CUUR0000SAF,1977,M03,1977 Mar,64.6
CUUR0000SAF,1977,M04,1977 Apr,65.3
CUUR0000SAF,1977,M05,1977 May,65.6
CUUR0000SAF,1977,M06,1977 Jun,66.2
CUUR0000SAF,1977,M07,1977 Jul,66.5
CUUR0000SAF,1977,M08,1977 Aug,66.7
CUUR0000SAF,1977,M09,1977 Sep,66.5
CUUR0000SAF,1977,M10,1977 Oct,66.5
CUUR0000SAF,1977,M11,1977 Nov,66.9
CUUR0000SAF,1977,M12,1977 Dec,67.1
CUUR0000SAF,1978,M01,1978 Jan,68.1
CUUR0000SAF,1978,M02,1978 Feb,69.0
CUUR0000SAF,1978,M03,1978 Mar,69.8
CUUR0000SAF,1978,M04,1978 Apr,70.9
CUUR0000SAF,1978,M05,1978 May,71.8
CUUR0000SAF,1978,M06,1978 Jun,72.9
CUUR0000SAF,1978,M07,1978 Jul,73.4
CUUR0000SAF,1978,M08,1978 Aug,73.5
CUUR0000SAF,1978,M09,1978 Sep,73.6
CUUR0000SAF,1978,M10,1978 Oct,74.0
CUUR0000SAF,1978,M11,1978 Nov,74.3
CUUR0000SAF,1978,M12,1978 Dec,74.9
CUUR0000SAF,1979,M01,1979 Jan,76.4
CUUR0000SAF,1979,M02,1979 Feb,77.8
CUUR0000SAF,1979,M03,1979 Mar,78.5
CUUR0000SAF,1979,M04,1979 Apr,79.2
CUUR0000SAF,1979,M05,1979 May,79.8
CUUR0000SAF,1979,M06,1979 Jun,80.2
CUUR0000SAF,1979,M07,1979 Jul,80.7
CUUR0000SAF,1979,M08,1979 Aug,80.5
CUUR0000SAF,1979,M09,1979 Sep,80.8
CUUR0000SAF,1979,M10,1979 Oct,81.2
CUUR0000SAF,1979,M11,1979 Nov,81.5
CUUR0000SAF,1979,M12,1979 Dec,82.4
CUUR0000SAF,1980,M01,1980 Jan,83.1
CUUR0000SAF,1980,M02,1980 Feb,83.5
CUUR0000SAF,1980,M03,1980 Mar,84.3
CUUR0000SAF,1980,M04,1980 Apr,84.9
CUUR0000SAF,1980,M05,1980 May,85.4
CUUR0000SAF,1980,M06,1980 Jun,85.9
CUUR0000SAF,1980,M07,1980 Jul,86.9
CUUR0000SAF,1980,M08,1980 Aug,88.1
CUUR0000SAF,1980,M09,1980 Sep,88.9
CUUR0000SAF,1980,M10,1980 Oct,89.4
CUUR0000SAF,1980,M11,1980 Nov,90.0
CUUR0000SAF,1980,M12,1980 Dec,90.7
CUUR0000SAF,1981,M01,1981 Jan,91.4
CUUR0000SAF,1981,M02,1981 Feb,92.2
CUUR0000SAF,1981,M03,1981 Mar,92.7
CUUR0000SAF,1981,M04,1981 Apr,92.9
CUUR0000SAF,1981,M05,1981 May,92.8
CUUR0000SAF,1981,M06,1981 Jun,93.2
CUUR0000SAF,1981,M07,1981 Jul,94.1
CUUR0000SAF,1981,M08,1981 Aug,94.5
CUUR0000SAF,1981,M09,1981 Sep,94.7
CUUR0000SAF,1981,M10,1981 Oct,94.5
CUUR0000SAF,1981,M11,1981 Nov,94.4
CUUR0000SAF,1981,M12,1981 Dec,94.6
CUUR0000SAF,1982,M01,1982 Jan,95.7
CUUR0000SAF,1982,M02,1982 Feb,96.5
CUUR0000SAF,1982,M03,1982 Mar,96.4
CUUR0000SAF,1982,M04,1982 Apr,96.7
CUUR0000SAF,1982,M05,1982 May,97.3
CUUR0000SAF,1982,M06,1982 Jun,98.0
CUUR0000SAF,1982,M07,1982 Jul,98.2
CUUR0000SAF,1982,M08,1982 Aug,97.9
CUUR0000SAF,1982,M09,1982 Sep,98.0
CUUR0000SAF,1982,M10,1982 Oct,97.8
CUUR0000SAF,1982,M11,1982 Nov,97.6
CUUR0000SAF,1982,M12,1982 Dec,97.6
CUUR0000SAF,1983,M01,1983 Jan,98.2
CUUR0000SAF,1983,M02,1983 Feb,98.5
CUUR0000SAF,1983,M03,1983 Mar,99.1
CUUR0000SAF,1983,M04,1983 Apr,99.6
CUUR0000SAF,1983,M05,1983 May,99.7
CUUR0000SAF,1983,M06,1983 Jun,99.6
CUUR0000SAF,1983,M07,1983 Jul,99.6
CUUR0000SAF,1983,M08,1983 Aug,99.7
CUUR0000SAF,1983,M09,1983 Sep,99.8
CUUR0000SAF,1983,M10,1983 Oct,99.9
CUUR0000SAF,1983,M11,1983 Nov,99.8
CUUR0000SAF,1983,M12,1983 Dec,100.2
CUUR0000SAF,1984,M01,1984 Jan,102.0
CUUR0000SAF,1984,M02,1984 Feb,102.9
CUUR0000SAF,1984,M03,1984 Mar,102.9
CUUR0000SAF,1984,M04,1984 Apr,103.0
CUUR0000SAF,1984,M05,1984 May,102.7
CUUR0000SAF,1984,M06,1984 Jun,102.9
CUUR0000SAF,1984,M07,1984 Jul,103.3
CUUR0000SAF,1984,M08,1984 Aug,103.9
CUUR0000SAF,1984,M09,1984 Sep,103.7
CUUR0000SAF,1984,M10,1984 Oct,103.7
CUUR0000SAF,1984,M11,1984 Nov,103.6
CUUR0000SAF,1984,M12,1984 Dec,104.0
CUUR0000SAF,1985,M01,1985 Jan,104.7
CUUR0000SAF,1985,M02,1985 Feb,105.4
CUUR0000SAF,1985,M03,1985 Mar,105.5
CUUR0000SAF,1985,M04,1985 Apr,105.5
CUUR0000SAF,1985,M05,1985 May,105.3
CUUR0000SAF,1985,M06,1985 Jun,105.4
CUUR0000SAF,1985,M07,1985 Jul,105.5
CUUR0000SAF,1985,M08,1985 Aug,105.6
CUUR0000SAF,1985,M09,1985 Sep,105.7
CUUR0000SAF,1985,M10,1985 Oct,105.8
CUUR0000SAF,1985,M11,1985 Nov,106.2
CUUR0000SAF,1985,M12,1985 Dec,106.9
CUUR0000SAF,1986,M01,1986 Jan,107.7
CUUR0000SAF,1986,M02,1986 Feb,107.6
CUUR0000SAF,1986,M03,1986 Mar,107.7
CUUR0000SAF,1986,M04,1986 Apr,107.9
CUUR0000SAF,1986,M05,1986 May,108.2
CUUR0000SAF,1986,M06,1986 Jun,108.3
CUUR0000SAF,1986,M07,1986 Jul,109.2
CUUR0000SAF,1986,M08,1986 Aug,110.0
CUUR0000SAF,1986,M09,1986 Sep,110.2
CUUR0000SAF,1986,M10,1986 Oct,110.4
CUUR0000SAF,1986,M11,1986 Nov,110.7
CUUR0000SAF,1986,M12,1986 Dec,110.9
CUUR0000SAF,1987,M01,1987 Jan,112.1
CUUR0000SAF,1987,M02,1987 Feb,112.5
CUUR0000SAF,1987,M03,1987 Mar,112.5
CUUR0000SAF,1987,M04,1987 Apr,112.8
CUUR0000SAF,1987,M05,1987 May,113.3
CUUR0000SAF,1987,M06,1987 Jun,113.8
CUUR0000SAF,1987,M07,1987 Jul,113.7
CUUR0000SAF,1987,M08,1987 Aug,113.8
CUUR0000SAF,1987,M09,1987 Sep,114.2
CUUR0000SAF,1987,M10,1987 Oct,114.3
CUUR0000SAF,1987,M11,1987 Nov,114.3
CUUR0000SAF,1987,M12,1987 Dec,114.8
CUUR0000SAF,1988,M01,1988 Jan,115.7
CUUR0000SAF,1988,M02,1988 Feb,115.8
CUUR0000SAF,1988,M03,1988 Mar,116.0
CUUR0000SAF,1988,M04,1988 Apr,116.7
CUUR0000SAF,1988,M05,1988 May,117.1
CUUR0000SAF,1988,M06,1988 Jun,117.6
CUUR0000SAF,1988,M07,1988 Jul,118.8
CUUR0000SAF,1988,M08,1988 Aug,119.4
CUUR0000SAF,1988,M09,1988 Sep,120.1
CUUR0000SAF,1988,M10,1988 Oct,120.3
CUUR0000SAF,1988,M11,1988 Nov,120.2
CUUR0000SAF,1988,M12,1988 Dec,120.6
CUUR0000SAF,1989,M01,1989 Jan,122.0
CUUR0000SAF,1989,M02,1989 Feb,122.7
CUUR0000SAF,1989,M03,1989 Mar,123.3
CUUR0000SAF,1989,M04,1989 Apr,124.0
CUUR0000SAF,1989,M05,1989 May,124.7
CUUR0000SAF,1989,M06,1989 Jun,124.9
CUUR0000SAF,1989,M07,1989 Jul,125.4
CUUR0000SAF,1989,M08,1989 Aug,125.6
CUUR0000SAF,1989,M09,1989 Sep,125.9
CUUR0000SAF,1989,M10,1989 Oct,126.3
CUUR0000SAF,1989,M11,1989 Nov,126.7
CUUR0000SAF,1989,M12,1989 Dec,127.2
CUUR0000SAF,1990,M01,1990 Jan,130.0
CUUR0000SAF,1990,M02,1990 Feb,130.9
CUUR0000SAF,1990,M03,1990 Mar,131.2
CUUR0000SAF,1990,M04,1990 Apr,131.0
CUUR0000SAF,1990,M05,1990 May,131.1
CUUR0000SAF,1990,M06,1990 Jun,131.7
CUUR0000SAF,1990,M07,1990 Jul,132.4
CUUR0000SAF,1990,M08,1990 Aug,132.7
CUUR0000SAF,1990,M09,1990 Sep,133.0
CUUR0000SAF,1990,M10,1990 Oct,133.4
CUUR0000SAF,1990,M11,1990 Nov,133.7
CUUR0000SAF,1990,M12,1990 Dec,133.9
CUUR0000SAF,1991,M01,1991 Jan,135.9
CUUR0000SAF,1991,M02,1991 Feb,136.0
CUUR0000SAF,1991,M03,1991 Mar,136.3
CUUR0000SAF,1991,M04,1991 Apr,137.2
CUUR0000SAF,1991,M05,1991 May,137.3
CUUR0000SAF,1991,M06,1991 Jun,137.7
CUUR0000SAF,1991,M07,1991 Jul,137.1
CUUR0000SAF,1991,M08,1991 Aug,136.6
CUUR0000SAF,1991,M09,1991 Sep,136.7
CUUR0000SAF,1991,M10,1991 Oct,136.5
CUUR0000SAF,1991,M11,1991 Nov,136.9
CUUR0000SAF,1991,M12,1991 Dec,137.3
CUUR0000SAF,1992,M01,1992 Jan,137.9
CUUR0000SAF,1992,M02,1992 Feb,138.1
CUUR0000SAF,1992,M03,1992 Mar,138.8
CUUR0000SAF,1992,M04,1992 Apr,138.8
CUUR0000SAF,1992,M05,1992 May,138.3
CUUR0000SAF,1992,M06,1992 Jun,138.3
CUUR0000SAF,1992,M07,1992 Jul,138.1
CUUR0000SAF,1992,M08,1992 Aug,138.8
CUUR0000SAF,1992,M09,1992 Sep,139.3
CUUR0000SAF,1992,M10,1992 Oct,139.2
CUUR0000SAF,1992,M11,1992 Nov,139.1
CUUR0000SAF,1992,M12,1992 Dec,139.5
CUUR0000SAF,1993,M01,1993 Jan,140.5
CUUR0000SAF,1993,M02,1993 Feb,140.7
CUUR0000SAF,1993,M03,1993 Mar,140.9
CUUR0000SAF,1993,M04,1993 Apr,141.4
CUUR0000SAF,1993,M05,1993 May,141.8
CUUR0000SAF,1993,M06,1993 Jun,141.1
CUUR0000SAF,1993,M07,1993 Jul,141.1
CUUR0000SAF,1993,M08,1993 Aug,141.5
CUUR0000SAF,1993,M09,1993 Sep,141.8
CUUR0000SAF,1993,M10,1993 Oct,142.3
CUUR0000SAF,1993,M11,1993 Nov,142.6
CUUR0000SAF,1993,M12,1993 Dec,143.3
CUUR0000SAF,1994,M01,1994 Jan,144.3
CUUR0000SAF,1994,M02,1994 Feb,143.6
CUUR0000SAF,1994,M03,1994 Mar,143.9
CUUR0000SAF,1994,M04,1994 Apr,144.0
CUUR0000SAF,1994,M05,1994 May,144.1
CUUR0000SAF,1994,M06,1994 Jun,144.2
CUUR0000SAF,1994,M07,1994 Jul,144.8
CUUR0000SAF,1994,M08,1994 Aug,145.3
CUUR0000SAF,1994,M09,1994 Sep,145.6
CUUR0000SAF,1994,M10,1994 Oct,145.6
CUUR0000SAF,1994,M11,1994 Nov,145.9
CUUR0000SAF,1994,M12,1994 Dec,147.2
CUUR0000SAF,1995,M01,1995 Jan,147.9
CUUR0000SAF,1995,M02,1995 Feb,147.8
CUUR0000SAF,1995,M03,1995 Mar,147.9
CUUR0000SAF,1995,M04,1995 Apr,148.9
CUUR0000SAF,1995,M05,1995 May,148.7
CUUR0000SAF,1995,M06,1995 Jun,148.4
CUUR0000SAF,1995,M07,1995 Jul,148.6
CUUR0000SAF,1995,M08,1995 Aug,148.9
CUUR0000SAF,1995,M09,1995 Sep,149.4
CUUR0000SAF,1995,M10,1995 Oct,149.8
CUUR0000SAF,1995,M11,1995 Nov,149.8
CUUR0000SAF,1995,M12,1995 Dec,150.3
CUUR0000SAF,1996,M01,1996 Jan,151.4
CUUR0000SAF,1996,M02,1996 Feb,151.3
CUUR0000SAF,1996,M03,1996 Mar,152.1
CUUR0000SAF,1996,M04,1996 Apr,152.7
CUUR0000SAF,1996,M05,1996 May,152.5
CUUR0000SAF,1996,M06,1996 Jun,153.1
CUUR0000SAF,1996,M07,1996 Jul,153.6
CUUR0000SAF,1996,M08,1996 Aug,154.2
CUUR0000SAF,1996,M09,1996 Sep,155.0
CUUR0000SAF,1996,M10,1996 Oct,155.8
CUUR0000SAF,1996,M11,1996 Nov,156.2
CUUR0000SAF,1996,M12,1996 Dec,156.6
CUUR0000SAF,1997,M01,1997 Jan,156.9
CUUR0000SAF,1997,M02,1997 Feb,156.9
CUUR0000SAF,1997,M03,1997 Mar,157.1
CUUR0000SAF,1997,M04,1997 Apr,157.1
CUUR0000SAF,1997,M05,1997 May,157.1
CUUR0000SAF,1997,M06,1997 Jun,157.1
CUUR0000SAF,1997,M07,1997 Jul,157.5
CUUR0000SAF,1997,M08,1997 Aug,158.1
CUUR0000SAF,1997,M09,1997 Sep,158.4
CUUR0000SAF,1997,M10,1997 Oct,158.7
CUUR0000SAF,1997,M11,1997 Nov,158.9
CUUR0000SAF,1997,M12,1997 Dec,159.1
CUUR0000SAF,1998,M01,1998 Jan,160.3
CUUR0000SAF,1998,M02,1998 Feb,159.8
CUUR0000SAF,1998,M03,1998 Mar,160.1
CUUR0000SAF,1998,M04,1998 Apr,160.2
CUUR0000SAF,1998,M05,1998 May,160.7
CUUR0000SAF,1998,M06,1998 Jun,160.6
CUUR0000SAF,1998,M07,1998 Jul,160.9
CUUR0000SAF,1998,M08,1998 Aug,161.4
CUUR0000SAF,1998,M09,1998 Sep,161.5
CUUR0000SAF,1998,M10,1998 Oct,162.4
CUUR0000SAF,1998,M11,1998 Nov,162.5
CUUR0000SAF,1998,M12,1998 Dec,162.7
CUUR0000SAF,1999,M01,1999 Jan,163.9
CUUR0000SAF,1999,M02,1999 Feb,163.8
CUUR0000SAF,1999,M03,1999 Mar,163.7
CUUR0000SAF,1999,M04,1999 Apr,163.9
CUUR0000SAF,1999,M05,1999 May,164.2
CUUR0000SAF,1999,M06,1999 Jun,164.1
CUUR0000SAF,1999,M07,1999 Jul,164.2
CUUR0000SAF,1999,M08,1999 Aug,164.7
CUUR0000SAF,1999,M09,1999 Sep,165.1
CUUR0000SAF,1999,M10,1999 Oct,165.5
CUUR0000SAF,1999,M11,1999 Nov,165.7
CUUR0000SAF,1999,M12,1999 Dec,165.9
CUUR0000SAF,2000,M01,2000 Jan,166.6
CUUR0000SAF,2000,M02,2000 Feb,166.8
CUUR0000SAF,2000,M03,2000 Mar,167.1
CUUR0000SAF,2000,M04,2000 Apr,167.2
CUUR0000SAF,2000,M05,2000 May,167.8
CUUR0000SAF,2000,M06,2000 Jun,167.9
CUUR0000SAF,2000,M07,2000 Jul,168.7
CUUR0000SAF,2000,M08,2000 Aug,169.2
CUUR0000SAF,2000,M09,2000 Sep,169.4
CUUR0000SAF,2000,M10,2000 Oct,169.6
CUUR0000SAF,2000,M11,2000 Nov,169.5
CUUR0000SAF,2000,M12,2000 Dec,170.5
CUUR0000SAF,2001,M01,2001 Jan,171.4
CUUR0000SAF,2001,M02,2001 Feb,171.8
CUUR0000SAF,2001,M03,2001 Mar,172.2
CUUR0000SAF,2001,M04,2001 Apr,172.4
CUUR0000SAF,2001,M05,2001 May,172.9
CUUR0000SAF,2001,M06,2001 Jun,173.4
CUUR0000SAF,2001,M07,2001 Jul,174.0
CUUR0000SAF,2001,M08,2001 Aug,174.4
CUUR0000SAF,2001,M09,2001 Sep,174.6
CUUR0000SAF,2001,M10,2001 Oct,175.3
CUUR0000SAF,2001,M11,2001 Nov,175.2
CUUR0000SAF,2001,M12,2001 Dec,175.2
CUUR0000SAF,2002,M01,2002 Jan,176.2
CUUR0000SAF,2002,M02,2002 Feb,176.4
CUUR0000SAF,2002,M03,2002 Mar,176.6
CUUR0000SAF,2002,M04,2002 Apr,176.7
CUUR0000SAF,2002,M05,2002 May,176.4
CUUR0000SAF,2002,M06,2002 Jun,176.4
CUUR0000SAF,2002,M07,2002 Jul,176.6
CUUR0000SAF,2002,M08,2002 Aug,176.6
CUUR0000SAF,2002,M09,2002 Sep,176.9
CUUR0000SAF,2002,M10,2002 Oct,177.1
CUUR0000SAF,2002,M11,2002 Nov,177.4
CUUR0000SAF,2002,M12,2002 Dec,177.8
CUUR0000SAF,2003,M01,2003 Jan,178.1
CUUR0000SAF,2003,M02,2003 Feb,178.9
CUUR0000SAF,2003,M03,2003 Mar,179.2
CUUR0000SAF,2003,M04,2003 Apr,179.0
CUUR0000SAF,2003,M05,2003 May,179.4
CUUR0000SAF,2003,M06,2003 Jun,180.2
CUUR0000SAF,2003,M07,2003 Jul,180.3
CUUR0000SAF,2003,M08,2003 Aug,180.9
CUUR0000SAF,2003,M09,2003 Sep,181.3
CUUR0000SAF,2003,M10,2003 Oct,182.2
CUUR0000SAF,2003,M11,2003 Nov,182.9
CUUR0000SAF,2003,M12,2003 Dec,184.1
CUUR0000SAF,2004,M01,2004 Jan,184.3
CUUR0000SAF,2004,M02,2004 Feb,184.5
CUUR0000SAF,2004,M03,2004 Mar,184.9
CUUR0000SAF,2004,M04,2004 Apr,185.0
CUUR0000SAF,2004,M05,2004 May,186.5
CUUR0000SAF,2004,M06,2004 Jun,186.8
CUUR0000SAF,2004,M07,2004 Jul,187.2
CUUR0000SAF,2004,M08,2004 Aug,187.3
CUUR0000SAF,2004,M09,2004 Sep,187.2
CUUR0000SAF,2004,M10,2004 Oct,188.4
CUUR0000SAF,2004,M11,2004 Nov,188.6
CUUR0000SAF,2004,M12,2004 Dec,188.9
CUUR0000SAF,2005,M01,2005 Jan,189.5
CUUR0000SAF,2005,M02,2005 Feb,189.3
CUUR0000SAF,2005,M03,2005 Mar,189.6
CUUR0000SAF,2005,M04,2005 Apr,190.7
CUUR0000SAF,2005,M05,2005 May,191.1
CUUR0000SAF,2005,M06,2005 Jun,190.9
CUUR0000SAF,2005,M07,2005 Jul,191.3
CUUR0000SAF,2005,M08,2005 Aug,191.3
CUUR0000SAF,2005,M09,2005 Sep,191.8
CUUR0000SAF,2005,M10,2005 Oct,192.5
CUUR0000SAF,2005,M11,2005 Nov,192.8
CUUR0000SAF,2005,M12,2005 Dec,193.2
CUUR0000SAF,2006,M01,2006 Jan,194.5
CUUR0000SAF,2006,M02,2006 Feb,194.4
CUUR0000SAF,2006,M03,2006 Mar,194.5
CUUR0000SAF,2006,M04,2006 Apr,194.2
CUUR0000SAF,2006,M05,2006 May,194.7
CUUR0000SAF,2006,M06,2006 Jun,195.1
CUUR0000SAF,2006,M07,2006 Jul,195.6
CUUR0000SAF,2006,M08,2006 Aug,196.0
CUUR0000SAF,2006,M09,2006 Sep,196.7
CUUR0000SAF,2006,M10,2006 Oct,197.5
CUUR0000SAF,2006,M11,2006 Nov,197.2
CUUR0000SAF,2006,M12,2006 Dec,197.4
CUUR0000SAF,2007,M01,2007 Jan,199.198
CUUR0000SAF,2007,M02,2007 Feb,200.402
CUUR0000SAF,2007,M03,2007 Mar,200.869
CUUR0000SAF,2007,M04,2007 Apr,201.292
CUUR0000SAF,2007,M05,2007 May,202.225
CUUR0000SAF,2007,M06,2007 Jun,202.885
CUUR0000SAF,2007,M07,2007 Jul,203.533
CUUR0000SAF,2007,M08,2007 Aug,204.289
CUUR0000SAF,2007,M09,2007 Sep,205.279
CUUR0000SAF,2007,M10,2007 Oct,206.124
CUUR0000SAF,2007,M11,2007 Nov,206.563
CUUR0000SAF,2007,M12,2007 Dec,206.936
CUUR0000SAF,2008,M01,2008 Jan,208.837
CUUR0000SAF,2008,M02,2008 Feb,209.462
CUUR0000SAF,2008,M03,2008 Mar,209.692
CUUR0000SAF,2008,M04,2008 Apr,211.365
CUUR0000SAF,2008,M05,2008 May,212.251
CUUR0000SAF,2008,M06,2008 Jun,213.383
CUUR0000SAF,2008,M07,2008 Jul,215.326
CUUR0000SAF,2008,M08,2008 Aug,216.419
CUUR0000SAF,2008,M09,2008 Sep,217.672
CUUR0000SAF,2008,M10,2008 Oct,218.705
CUUR0000SAF,2008,M11,2008 Nov,218.752
CUUR0000SAF,2008,M12,2008 Dec,218.839
CUUR0000SAF,2009,M01,2009 Jan,219.729
CUUR0000SAF,2009,M02,2009 Feb,219.333
CUUR0000SAF,2009,M03,2009 Mar,218.794
CUUR0000SAF,2009,M04,2009 Apr,218.364
CUUR0000SAF,2009,M05,2009 May,218.076
CUUR0000SAF,2009,M06,2009 Jun,218.030
CUUR0000SAF,2009,M07,2009 Jul,217.608
CUUR0000SAF,2009,M08,2009 Aug,217.701
CUUR0000SAF,2009,M09,2009 Sep,217.617
CUUR0000SAF,2009,M10,2009 Oct,217.957
CUUR0000SAF,2009,M11,2009 Nov,217.733
CUUR0000SAF,2009,M12,2009 Dec,218.049
CUUR0000SAF,2010,M01,2010 Jan,219.223
CUUR0000SAF,2010,M02,2010 Feb,219.140
CUUR0000SAF,2010,M03,2010 Mar,219.378
CUUR0000SAF,2010,M04,2010 Apr,219.536
CUUR0000SAF,2010,M05,2010 May,219.693
CUUR0000SAF,2010,M06,2010 Jun,219.562
CUUR0000SAF,2010,M07,2010 Jul,219.539
CUUR0000SAF,2010,M08,2010 Aug,219.877
CUUR0000SAF,2010,M09,2010 Sep,220.586
CUUR0000SAF,2010,M10,2010 Oct,221.005
CUUR0000SAF,2010,M11,2010 Nov,220.991
CUUR0000SAF,2010,M12,2010 Dec,221.278
CUUR0000SAF,2011,M01,2011 Jan,223.160
CUUR0000SAF,2011,M02,2011 Feb,224.039
CUUR0000SAF,2011,M03,2011 Mar,225.479
CUUR0000SAF,2011,M04,2011 Apr,226.248
CUUR0000SAF,2011,M05,2011 May,227.082
CUUR0000SAF,2011,M06,2011 Jun,227.451
CUUR0000SAF,2011,M07,2011 Jul,228.323
CUUR0000SAF,2011,M08,2011 Aug,229.490
CUUR0000SAF,2011,M09,2011 Sep,230.448
CUUR0000SAF,2011,M10,2011 Oct,230.885
CUUR0000SAF,2011,M11,2011 Nov,230.656
CUUR0000SAF,2011,M12,2011 Dec,231.130
CUUR0000SAF,2012,M01,2012 Jan,232.559
CUUR0000SAF,2012,M02,2012 Feb,232.453
CUUR0000SAF,2012,M03,2012 Mar,232.708
CUUR0000SAF,2012,M04,2012 Apr,233.116
CUUR0000SAF,2012,M05,2012 May,233.257
CUUR0000SAF,2012,M06,2012 Jun,233.509
CUUR0000SAF,2012,M07,2012 Jul,233.557
CUUR0000SAF,2012,M08,2012 Aug,234.017
CUUR0000SAF,2012,M09,2012 Sep,234.172
CUUR0000SAF,2012,M10,2012 Oct,234.718
CUUR0000SAF,2012,M11,2012 Nov,234.742
CUUR0000SAF,2012,M12,2012 Dec,235.230
CUUR0000SAF,2013,M01,2013 Jan,236.183
CUUR0000SAF,2013,M02,2013 Feb,236.230
CUUR0000SAF,2013,M03,2013 Mar,236.267
CUUR0000SAF,2013,M04,2013 Apr,236.761
CUUR0000SAF,2013,M05,2013 May,236.474
CUUR0000SAF,2013,M06,2013 Jun,236.726
CUUR0000SAF,2013,M07,2013 Jul,236.957
CUUR0000SAF,2013,M08,2013 Aug,237.348
CUUR0000SAF,2013,M09,2013 Sep,237.444
CUUR0000SAF,2013,M10,2013 Oct,237.794
CUUR0000SAF,2013,M11,2013 Nov,237.585
CUUR0000SAF,2013,M12,2013 Dec,237.820
CUUR0000SAF,2014,M01,2014 Jan,238.792
CUUR0000SAF,2014,M02,2014 Feb,239.476
CUUR0000SAF,2014,M03,2014 Mar,240.226
CUUR0000SAF,2014,M04,2014 Apr,241.103
CUUR0000SAF,2014,M05,2014 May,242.065
CUUR0000SAF,2014,M06,2014 Jun,242.027
CUUR0000SAF,2014,M07,2014 Jul,242.674
CUUR0000SAF,2014,M08,2014 Aug,243.497
CUUR0000SAF,2014,M09,2014 Sep,244.260
CUUR0000SAF,2014,M10,2014 Oct,244.775
CUUR0000SAF,2014,M11,2014 Nov,244.902
CUUR0000SAF,2014,M12,2014 Dec,245.585
CUUR0000SAF,2015,M01,2015 Jan,246.100
CUUR0000SAF,2015,M02,2015 Feb,246.269
CUUR0000SAF,2015,M03,2015 Mar,245.689
CUUR0000SAF,2015,M04,2015 Apr,245.746
CUUR0000SAF,2015,M05,2015 May,245.846
CUUR0000SAF,2015,M06,2015 Jun,246.245
CUUR0000SAF,2015,M07,2015 Jul,246.558
CUUR0000SAF,2015,M08,2015 Aug,247.196
CUUR0000SAF,2015,M09,2015 Sep,248.090
CUUR0000SAF,2015,M10,2015 Oct,248.575
CUUR0000SAF,2015,M11,2015 Nov,247.870
CUUR0000SAF,2015,M12,2015 Dec,247.468
CUUR0000SAF,2016,M01,2016 Jan,248.241
CUUR0000SAF,2016,M02,2016 Feb,248.459
CUUR0000SAF,2016,M03,2016 Mar,247.677
CUUR0000SAF,2016,M04,2016 Apr,248.095
CUUR0000SAF,2016,M05,2016 May,247.580
CUUR0000SAF,2016,M06,2016 Jun,247.207
CUUR0000SAF,2016,M07,2016 Jul,247.267
CUUR0000SAF,2016,M08,2016 Aug,247.420
CUUR0000SAF,2016,M09,2016 Sep,247.645
CUUR0000SAF,2016,M10,2016 Oct,247.861
CUUR0000SAF,2016,M11,2016 Nov,247.246
CUUR0000SAF,2016,M12,2016 Dec,247.134
CUUR0000SAF,2017,M01,2017 Jan,248.074
CUUR0000SAF,2017,M02,2017 Feb,248.595
CUUR0000SAF,2017,M03,2017 Mar,248.967
CUUR0000SAF,2017,M04,2017 Apr,249.538
CUUR0000SAF,2017,M05,2017 May,249.749
CUUR0000SAF,2017,M06,2017 Jun,249.398
CUUR0000SAF,2017,M07,2017 Jul,249.930
CUUR0000SAF,2017,M08,2017 Aug,250.212
CUUR0000SAF,2017,M09,2017 Sep,250.735
CUUR0000SAF,2017,M10,2017 Oct,251.130
CUUR0000SAF,2017,M11,2017 Nov,250.694
CUUR0000SAF,2017,M12,2017 Dec,251.024
CUUR0000SAF,2018,M01,2018 Jan,252.109
CUUR0000SAF,2018,M02,2018 Feb,252.076
CUUR0000SAF,2018,M03,2018 Mar,252.182
CUUR0000SAF,2018,M04,2018 Apr,252.999
CUUR0000SAF,2018,M05,2018 May,252.848
CUUR0000SAF,2018,M06,2018 Jun,253.022
CUUR0000SAF,2018,M07,2018 Jul,253.476
CUUR0000SAF,2018,M08,2018 Aug,253.779
CUUR0000SAF,2018,M09,2018 Sep,254.178
CUUR0000SAF,2018,M10,2018 Oct,254.203
CUUR0000SAF,2018,M11,2018 Nov,254.262
CUUR0000SAF,2018,M12,2018 Dec,255.023
CUUR0000SAF,2019,M01,2019 Jan,256.185
CUUR0000SAF,2019,M02,2019 Feb,256.997
CUUR0000SAF,2019,M03,2019 Mar,257.430
CUUR0000SAF,2019,M04,2019 Apr,257.393
CUUR0000SAF,2019,M05,2019 May,257.791
CUUR0000SAF,2019,M06,2019 Jun,257.778
CUUR0000SAF,2019,M07,2019 Jul,258.015
CUUR0000SAF,2019,M08,2019 Aug,258.154
CUUR0000SAF,2019,M09,2019 Sep,258.646
CUUR0000SAF,2019,M10,2019 Oct,259.284
CUUR0000SAF,2019,M11,2019 Nov,259.080
CUUR0000SAF,2019,M12,2019 Dec,259.403
CUUR0000SAF,2020,M01,2020 Jan,260.638
CUUR0000SAF,2020,M02,2020 Feb,261.487
CUUR0000SAF,2020,M03,2020 Mar,262.320
CUUR0000SAF,2020,M04,2020 Apr,266.137
CUUR0000SAF,2020,M05,2020 May,267.792
CUUR0000SAF,2020,M06,2020 Jun,269.051
CUUR0000SAF,2020,M07,2020 Jul,268.132
CUUR0000SAF,2020,M08,2020 Aug,268.383
CUUR0000SAF,2020,M09,2020 Sep,268.465
CUUR0000SAF,2020,M10,2020 Oct,269.169
CUUR0000SAF,2020,M11,2020 Nov,268.539
CUUR0000SAF,2020,M12,2020 Dec,269.383
CUUR0000SAF,2021,M01,2021 Jan,270.260
CUUR0000SAF,2021,M02,2021 Feb,270.672
CUUR0000SAF,2021,M03,2021 Mar,271.135
CUUR0000SAF,2021,M04,2021 Apr,272.367
CUUR0000SAF,2021,M05,2021 May,273.441
CUUR0000SAF,2021,M06,2021 Jun,275.380
CUUR0000SAF,2021,M07,2021 Jul,277.187
CUUR0000SAF,2021,M08,2021 Aug,278.201
CUUR0000SAF,2021,M09,2021 Sep,280.452
CUUR0000SAF,2021,M10,2021 Oct,282.943
CUUR0000SAF,2021,M11,2021 Nov,284.168
CUUR0000SAF,2021,M12,2021 Dec,285.556
CUUR0000SAF,2022,M01,2022 Jan,288.264
CUUR0000SAF,2022,M02,2022 Feb,291.244
CUUR0000SAF,2022,M03,2022 Mar,294.064
CUUR0000SAF,2022,M04,2022 Apr,296.915
CUUR0000SAF,2022,M05,2022 May,300.081
CUUR0000SAF,2022,M06,2022 Jun,302.967
CUUR0000SAF,2022,M07,2022 Jul,306.278
CUUR0000SAF,2022,M08,2022 Aug,308.550
CUUR0000SAF,2022,M09,2022 Sep,310.678
CUUR0000SAF,2022,M10,2022 Oct,312.860
CUUR0000SAF,2022,M11,2022 Nov,313.467
CUUR0000SAF,2022,M12,2022 Dec,314.459
CUUR0000SAF,2023,M01,2023 Jan,316.705
CUUR0000SAF,2023,M02,2023 Feb,318.050
CUUR0000SAF,2023,M03,2023 Mar,318.338
CUUR0000SAF,2023,M04,2023 Apr,319.085
CUUR0000SAF,2023,M05,2023 May,319.811
CUUR0000SAF,2023,M06,2023 Jun,320.120
CUUR0000SAF,2023,M07,2023 Jul,321.020
CUUR0000SAF,2023,M08,2023 Aug,321.578
CUUR0000SAF,2023,M09,2023 Sep,322.249
CUUR0000SAF,2023,M10,2023 Oct,323.262
CUUR0000SAF,2023,M11,2023 Nov,322.703
CUUR0000SAF,2023,M12,2023 Dec,322.933
CUUR0000SAF,2024,M01,2024 Jan,324.782
CUUR0000SAF,2024,M02,2024 Feb,325.190
CUUR0000SAF,2024,M03,2024 Mar,325.491
CUUR0000SAF,2024,M04,2024 Apr,326.107
CUUR0000SAF,2024,M05,2024 May,326.545
CUUR0000SAF,2024,M06,2024 Jun,327.144
CUUR0000SAF,2024,M07,2024 Jul,327.956
CUUR0000SAF,2024,M08,2024 Aug,328.156
CUUR0000SAF,2024,M09,2024 Sep,329.417
CUUR0000SAF,2024,M10,2024 Oct,330.051
CUUR0000SAF,2024,M11,2024 Nov,330.260
CUUR0000SAF,2024,M12,2024 Dec,330.812
CUUR0000SAF,2025,M01,2025 Jan,332.696
CUUR0000SAF,2025,M02,2025 Feb,333.498
